YEAR,ST,CT,TRACTCE,N,MOB_N,FRAC_BA,FRAC_BA_DECY,HOME_V,HOME_V2021,HOME_V2021_PERCAP,MOB_N_NB,MOB_SHM_NB,MOB_SCT_NB,MOB_SST_NB,MOB_DST_NB,MOB_DNT_NB,MOB_N_BA,MOB_SHM_BA,MOB_SCT_BA,MOB_SST_BA,MOB_DST_BA,MOB_DNT_BA
2021,06,075,010101,2118,2118,0.04485363550519358,7,173,173000,81.68083097261568,2023,0,158,143,66,0,95,95,0,0,0,0
2021,06,075,010102,1783,1783,0.16825574873808188,10,190,190000,106.56197420078519,1483,0,36,14,9,0,300,300,0,0,0,0
2021,06,075,010201,2499,2499,0.08043217286914765,8,452,452000,180.87234893957583,2298,0,139,143,166,0,201,59,0,142,0,0
2021,06,075,010202,1891,1879,0.028206492815327302,5,319,319000,169.7711548696115,1826,0,233,36,22,0,53,53,0,0,0,0
2021,06,075,010300,3996,3993,0,1,375,375000,93.91435011269722,3993,0,295,92,202,0,0,0,0,0,0,0
2021,06,075,010401,2202,2190,0.005479452054794521,2,326,326000,148.8584474885845,2178,0,117,72,24,0,12,3,0,9,0,0
2021,06,075,010402,2292,2292,0,1,404,404000,176.2652705061082,2292,0,25,0,66,0,0,0,0,0,0,0
2021,06,075,010500,3430,3417,0.04741000877963126,7,403,403000,117.93971319871233,3255,0,177,141,109,0,162,162,0,0,0,0
2021,06,075,010600,3277,3277,0.031736344217271895,6,132,132000,40.28074458346048,3173,0,164,187,46,0,104,47,57,0,0,0
2021,06,075,010701,3458,3458,0,1,51,51000,14.74840948525159,3458,0,89,139,19,0,0,0,0,0,0,0
2021,06,075,010702,1584,1584,0,1,121,121000,76.38888888888889,1584,0,133,95,0,0,0,0,0,0,0,0
2021,06,075,010800,4999,4999,0.054410882176435284,8,523,523000,104.62092418483697,4727,0,305,138,201,0,272,272,0,0,0,0
2021,06,075,010901,1948,1948,0,1,253,253000,129.87679671457906,1948,0,141,167,80,0,0,0,0,0,0,0
2021,06,075,010902,2403,2403,0.014148980441115273,4,115,115000,47.8568456096546,2369,0,261,426,34,0,34,34,0,0,0,0
2021,06,075,011001,2628,2602,0.008839354342813221,3,337,337000,129.51575710991546,2579,0,571,44,35,0,23,0,23,0,0,0
2021,06,075,011002,2249,2249,0,1,345,345000,153.40151178301468,2249,0,79,177,76,0,0,0,0,0,0,0
2021,06,075,011101,2528,2528,0.01661392405063291,4,111,111000,43.90822784810127,2486,0,158,208,61,0,42,0,0,0,0,42
2021,06,075,011102,2024,2024,0.07015810276679842,8,62,62000,30.632411067193676,1882,0,283,197,120,0,142,141,1,0,0,0
2021,06,075,011200,3120,3098,0.041639767591994836,7,444,444000,143.3182698515171,2969,0,245,135,43,0,129,118,8,1,2,0
2021,06,075,011300,2801,2766,0.018799710773680405,4,106,106000,38.32248734634852,2714,0,39,29,105,0,52,52,0,0,0,0
2021,06,075,011700,1800,1788,0.03131991051454139,6,92,92000,51.45413870246085,1732,0,120,54,33,0,56,32,4,15,5,0
2021,06,075,011800,1658,1658,0.010253317249698432,3,12,12000,7.237635705669481,1641,0,38,0,72,0,17,16,0,1,0,0
2021,06,075,011901,2298,2284,0.02583187390542907,5,352,352000,154.11558669001752,2225,0,126,109,73,0,59,40,0,19,0,0
2021,06,075,011902,2771,2763,0.016286644951140065,4,110,110000,39.811798769453496,2718,0,183,204,85,0,45,28,13,0,4,0
2021,06,075,012001,1834,1834,0.010905125408942203,3,82,82000,44.711014176663035,1814,0,407,91,110,0,20,4,16,0,0,0
2021,06,075,012002,2202,2202,0.0958219800181653,9,160,160000,72.66121707538602,1991,0,403,92,27,0,211,190,0,21,0,0
2021,06,075,012100,3846,3846,0.041081643265730626,6,172,172000,44.721788871554864,3688,0,518,347,279,0,158,102,33,12,8,3
2021,06,075,012202,2821,2821,0.13080467919177596,10,201,201000,71.25132931584544,2452,0,488,315,41,0,369,238,49,45,37,0
2021,06,075,012203,1834,1792,0.09709821428571429,9,0,0,0,1618,0,157,28,0,0,174,105,69,0,0,0
2021,06,075,012204,2763,2751,0,1,73,73000,26.53580516175936,2751,0,263,73,32,0,0,0,0,0,0,0
2021,06,075,012301,1887,1853,0.08850512682137075,9,35,35000,18.888289260658393,1689,0,129,33,0,0,164,150,0,14,0,0
2021,06,075,012302,2600,2568,0.07165109034267912,8,0,0,0,2384,0,462,177,61,0,184,122,16,46,0,0
2021,06,075,012403,2591,2591,0.06252412196063296,8,21,21000,8.104978772674643,2429,0,72,142,0,0,162,162,0,0,0,0
2021,06,075,012404,2566,2566,0.10950896336710834,9,0,0,0,2285,0,327,112,7,0,281,219,27,16,12,7
2021,06,075,012405,3817,3709,0.13318953895928823,10,0,0,0,3215,0,254,350,175,0,494,142,0,225,20,107
2021,06,075,012406,1463,1463,0.07655502392344497,8,196,196000,133.9712918660287,1351,0,58,4,11,0,112,83,23,6,0,0
2021,06,075,012502,4371,4310,0.08909512761020881,9,0,0,0,3926,0,208,115,88,0,384,239,118,27,0,0
2021,06,075,012503,3788,3775,0.051125827814569536,7,0,0,0,3582,0,110,108,38,0,193,126,59,0,0,8
2021,06,075,012504,617,617,0.08265802269043761,9,77,77000,124.79740680713128,566,0,17,0,0,0,51,51,0,0,0,0
2021,06,075,012601,2241,2232,0.008960573476702509,3,279,279000,125,2212,0,293,61,92,0,20,20,0,0,0,0
2021,06,075,012602,2977,2953,0,1,455,455000,154.08059600406366,2953,0,390,229,73,0,0,0,0,0,0,0
2021,06,075,012700,4046,4023,0.00820283370618941,2,724,724000,179.9652000994283,3990,0,606,78,222,0,33,33,0,0,0,0
2021,06,075,012801,2791,2774,0,1,469,469000,169.069935111752,2774,0,402,75,103,0,0,0,0,0,0,0
2021,06,075,012802,2012,1976,0.0020242914979757085,1,198,198000,100.20242914979757,1972,0,506,46,65,0,4,2,0,2,0,0
2021,06,075,012901,2823,2811,3.557452863749555e-4,1,270,270000,96.05122732123799,2810,0,769,64,22,0,1,1,0,0,0,0
2021,06,075,012902,3545,3452,0.009849362688296639,3,376,376000,108.92236384704519,3418,0,671,200,21,0,34,16,0,0,18,0
2021,06,075,013001,1758,1683,0,1,192,192000,114.08199643493761,1683,0,252,93,63,0,0,0,0,0,0,0
2021,06,075,013002,2800,2721,0,1,313,313000,115.03123851525174,2721,0,209,244,70,0,0,0,0,0,0,0
2021,06,075,013101,4088,3961,0.02726584195910124,5,571,571000,144.15551628376673,3853,0,529,126,222,0,108,52,55,0,1,0
2021,06,075,013102,2951,2944,0.022078804347826088,5,444,444000,150.81521739130434,2879,0,281,121,95,0,65,25,0,40,0,0
2021,06,075,013200,4456,4431,0.033852403520649964,6,985,985000,222.29744978560146,4281,0,496,171,239,0,150,150,0,0,0,0
2021,06,075,013300,4483,4403,0.005223711106064047,2,938,938000,213.03656597774244,4380,0,416,106,105,0,23,5,0,0,18,0
2021,06,075,013401,1516,1516,0.002638522427440633,2,191,191000,125.98944591029024,1512,0,167,49,0,0,4,4,0,0,0,0
2021,06,075,013402,2239,2239,0.06029477445288075,8,417,417000,186.243858865565,2104,0,221,0,86,0,135,90,0,45,0,0
2021,06,075,013500,2449,2431,0.0024681201151789387,1,419,419000,172.35705470999588,2425,0,334,88,81,0,6,2,4,0,0,0
2021,06,075,015100,2817,2810,0.03131672597864769,6,546,546000,194.30604982206407,2722,0,272,118,97,0,88,48,1,4,35,0
2021,06,075,015201,1713,1713,0.021015761821366025,5,121,121000,70.63631056625803,1677,0,259,18,40,0,36,36,0,0,0,0
2021,06,075,015202,2277,2277,0.18972332015810275,10,466,466000,204.655248133509,1845,0,249,27,181,0,432,423,9,0,0,0
2021,06,075,015300,2206,2165,0.09930715935334873,9,373,373000,172.28637413394918,1950,0,183,101,104,0,215,113,102,0,0,0
2021,06,075,015401,3349,3325,0.004210526315789474,2,669,669000,201.203007518797,3311,0,496,292,227,0,14,13,0,0,0,1
2021,06,075,015402,2643,2616,0,1,334,334000,127.67584097859327,2616,0,183,41,96,0,0,0,0,0,0,0
2021,06,075,015500,3666,3666,0.0463720676486634,7,191,191000,52.10038188761593,3496,0,417,136,67,0,170,140,30,0,0,0
2021,06,075,015600,2923,2911,0.04397114393679148,7,442,442000,151.8378564067331,2783,0,141,134,21,0,128,94,34,0,0,0
2021,06,075,015701,5327,5327,0.04955885113572367,7,411,411000,77.15412051811526,5063,0,595,927,452,0,264,191,19,45,9,0
2021,06,075,015702,3435,3396,0.020023557126030624,4,623,623000,183.45111896348646,3328,0,279,101,0,0,68,68,0,0,0,0
2021,06,075,015801,3406,3406,0.2542571931884909,10,331,331000,97.18144450968879,2540,0,258,73,14,0,866,803,11,12,40,0
2021,06,075,015802,3589,3522,0.08631459398069279,9,316,316000,89.72174900624645,3218,0,367,91,201,0,304,297,0,0,0,7
2021,06,075,015900,4829,4819,0.10354845403610707,9,599,599000,124.2996472297157,4320,0,475,241,216,0,499,497,2,0,0,0
2021,06,075,016000,2498,2498,0.0588470776621297,8,374,374000,149.71977582065654,2351,0,182,52,44,0,147,139,0,8,0,0
2021,06,075,016101,2295,2280,0.12324561403508771,10,139,139000,60.96491228070175,1999,0,224,101,57,0,281,262,19,0,0,0
2021,06,075,016102,2555,2555,0.500587084148728,10,71,71000,27.788649706457925,1276,0,51,1,0,0,1279,1246,0,33,0,0
2021,06,075,016200,3365,3326,0.04509921828021648,7,351,351000,105.53217077570656,3176,0,273,84,116,0,150,139,0,11,0,0
2021,06,075,016300,4423,4270,0.19836065573770492,10,433,433000,101.40515222482436,3423,0,552,47,84,0,847,743,104,0,0,0
2021,06,075,016400,4262,4128,0.05159883720930233,7,305,305000,73.88565891472868,3915,0,451,173,39,0,213,170,29,14,0,0
2021,06,075,016500,5279,5224,0.0773353751914242,8,594,594000,113.70597243491578,4820,0,1289,125,128,0,404,274,11,119,0,0
2021,06,075,016601,3180,3167,0.031891379854752135,6,297,297000,93.77960214714241,3066,0,349,101,33,0,101,101,0,0,0,0
2021,06,075,016602,2498,2498,0.09847878302642114,9,173,173000,69.25540432345876,2252,0,202,114,44,0,246,158,88,0,0,0
2021,06,075,016700,5427,5390,0.046753246753246755,7,619,619000,114.84230055658627,5138,0,838,145,198,0,252,246,3,3,0,0
2021,06,075,016801,4243,4184,0.050908221797323135,7,422,422000,100.8604206500956,3971,0,300,201,140,0,213,179,20,0,14,0
2021,06,075,016802,3709,3657,0.1214109926168991,9,375,375000,102.54306808859721,3213,0,668,101,153,0,444,404,18,4,18,0
2021,06,075,016900,3132,3130,0.01853035143769968,4,547,547000,174.76038338658148,3072,0,343,73,51,0,58,24,34,0,0,0
2021,06,075,017000,4375,4361,0.025223572575097455,5,1152,1152000,264.1595964228388,4251,0,304,48,53,0,110,86,0,0,0,24
2021,06,075,017101,4249,4003,0.022732950287284538,5,634,634000,158.38121408943292,3912,0,730,97,23,0,91,48,43,0,0,0
2021,06,075,017102,3671,3640,0.017857142857142856,4,486,486000,133.5164835164835,3575,0,593,130,156,0,65,25,9,17,12,2
2021,06,075,017602,3218,3218,0.22156619018023618,10,56,56000,17.40211311373524,2505,0,463,22,115,0,713,606,41,66,0,0
2021,06,075,017603,4509,4505,0.056381798002219756,8,458,458000,101.66481687014428,4251,0,168,51,171,0,254,148,42,64,0,0
2021,06,075,017604,2856,2856,0.23809523809523808,10,187,187000,65.47619047619048,2176,0,227,280,142,0,680,591,89,0,0,0
2021,06,075,017700,1989,1983,0.012607160867372668,3,170,170000,85.72869389813414,1958,0,254,75,81,0,25,25,0,0,0,0
2021,06,075,017801,3636,3620,0.025966850828729283,5,590,590000,162.98342541436463,3526,0,215,288,101,0,94,63,31,0,0,0
2021,06,075,017803,2507,2507,0.011567610690067811,3,232,232000,92.54088552054247,2478,0,646,158,116,0,29,13,16,0,0,0
2021,06,075,017804,4474,4474,0.009387572641931158,3,625,625000,139.6960214573089,4432,0,554,257,44,0,42,27,8,7,0,0
2021,06,075,017903,3185,3155,0.18066561014263074,10,0,0,0,2585,0,108,213,180,0,570,354,26,133,55,2
2021,06,075,018000,3772,3725,0.08751677852348994,9,459,459000,123.22147651006712,3399,0,484,455,198,0,326,129,106,77,14,0
2021,06,075,020101,3550,3534,0.08913412563667232,9,412,412000,116.58177702320317,3219,0,410,152,130,0,315,214,86,0,0,15
2021,06,075,020102,2941,2941,0.09418565113906835,9,152,152000,51.683100986059166,2664,0,363,108,114,0,277,222,38,17,0,0
2021,06,075,020201,2168,2152,0.048327137546468404,7,322,322000,149.62825278810408,2048,0,266,0,45,0,104,104,0,0,0,0
2021,06,075,020202,4132,4132,0.07405614714424008,8,424,424000,102.61374636979671,3826,0,342,26,76,0,306,306,0,0,0,0
2021,06,075,020300,3521,3497,0.035458964826994566,6,821,821000,234.77266228195597,3373,0,405,53,141,0,124,55,69,0,0,0
2021,06,075,020401,3303,3286,0.03225806451612903,6,744,744000,226.41509433962264,3180,0,332,158,132,0,106,106,0,0,0,0
2021,06,075,020402,4419,4388,0.01731996353691887,4,761,761000,173.42752962625343,4312,0,501,320,117,0,76,76,0,0,0,0
2021,06,075,020500,2973,2934,0.04124062713019768,7,510,510000,173.8241308793456,2813,0,194,58,34,0,121,109,12,0,0,0
2021,06,075,020601,3132,3048,0.034448818897637797,6,547,547000,179.46194225721786,2943,0,145,189,92,0,105,105,0,0,0,0
2021,06,075,020602,2487,2487,0.04945717732207479,7,662,662000,266.18415761962206,2364,0,394,33,88,0,123,122,0,0,1,0
2021,06,075,020701,3073,3014,0.031187790311877902,5,557,557000,184.80424684804248,2920,0,227,62,96,0,94,92,0,2,0,0
2021,06,075,020702,2228,2208,0.017663043478260868,4,118,118000,53.44202898550725,2169,0,225,18,126,0,39,39,0,0,0,0
2021,06,075,020801,3629,3578,0.03242034656232532,6,120,120000,33.53828954723309,3462,0,337,183,25,0,116,12,0,0,0,104
2021,06,075,020802,2604,2525,0.022178217821782177,5,186,186000,73.66336633663366,2469,0,265,271,154,0,56,56,0,0,0,0
2021,06,075,020900,4402,4370,0.021281464530892448,5,345,345000,78.94736842105263,4277,0,324,108,124,0,93,77,10,6,0,0
2021,06,075,021000,4051,4051,0.004937052579609973,2,633,633000,156.25771414465564,4031,0,400,124,253,0,20,0,0,20,0,0
2021,06,075,021100,3960,3948,0.00303951367781155,2,869,869000,220.1114488348531,3936,0,375,141,91,0,12,12,0,0,0,0
2021,06,075,021200,3017,2978,0.010745466756212223,3,819,819000,275.01678979180656,2946,0,278,163,155,0,32,30,2,0,0,0
2021,06,075,021300,2692,2688,0.043154761904761904,7,541,541000,201.26488095238096,2572,0,224,251,91,0,116,116,0,0,0,0
2021,06,075,021400,3641,3548,0.005918827508455468,2,736,736000,207.44081172491545,3527,0,261,51,97,0,21,0,0,0,21,0
2021,06,075,021500,5622,5577,0.017930787161556393,4,1072,1072000,192.21803837188452,5477,0,428,228,110,0,100,20,19,0,61,0
2021,06,075,021600,4189,4160,0.046634615384615385,7,1202,1202000,288.9423076923077,3966,0,179,0,82,0,194,194,0,0,0,0
2021,06,075,021700,4512,4477,0.11570247933884298,9,1213,1213000,270.94036184945276,3959,0,250,130,52,0,518,509,9,0,0,0
2021,06,075,021800,4218,4139,0.019811548683256824,4,977,977000,236.04735443343802,4057,0,230,125,73,0,82,78,4,0,0,0
2021,06,075,022600,3570,3509,0.038472499287546306,6,503,503000,143.34568253063551,3374,0,622,225,195,0,135,72,0,0,0,63
2021,06,075,022702,2218,2193,0.026903784769721842,5,456,456000,207.9343365253078,2134,0,195,66,81,0,59,43,0,16,0,0
2021,06,075,022704,3565,3484,0.020091848450057407,4,1024,1024000,293.9150401836969,3414,0,267,103,30,0,70,51,19,0,0,0
2021,06,075,022801,5068,4980,0.13293172690763053,10,647,647000,129.91967871485943,4318,0,336,113,25,0,662,662,0,0,0,0
2021,06,075,022802,2384,2384,0.07214765100671142,8,308,308000,129.19463087248323,2212,0,177,76,13,0,172,83,53,7,0,29
2021,06,075,022803,4903,4816,0.024501661129568107,5,550,550000,114.20265780730897,4698,0,271,185,93,0,118,107,11,0,0,0
2021,06,075,022901,4573,4546,0.008358996920369555,2,324,324000,71.27144742630884,4508,0,165,87,184,0,38,38,0,0,0,0
2021,06,075,022902,2233,2233,0.04970891177787729,7,344,344000,154.05284370801613,2122,0,179,25,60,0,111,75,0,0,0,36
2021,06,075,022903,3090,3041,0.015784281486353174,4,362,362000,119.03978954291351,2993,0,301,47,98,0,48,40,0,8,0,0
2021,06,075,023001,5309,5253,0.12240624405101846,9,857,857000,163.14486959832476,4610,0,20,16,0,0,643,641,1,1,0,0
2021,06,075,023003,4195,4136,0.17432301740812378,10,963,963000,232.83365570599614,3415,0,326,15,23,0,721,707,0,14,0,0
2021,06,075,023102,3707,3637,0.5372559802034644,10,462,462000,127.02777014022546,1683,0,0,14,0,0,1954,1908,46,0,0,0
2021,06,075,023103,4064,4023,0.6184439473030077,10,36,36000,8.94854586129754,1535,0,112,63,0,0,2488,2417,0,58,0,13
2021,06,075,023200,3857,3813,0.2646210333071073,10,777,777000,203.7765538945712,2804,0,55,31,4,0,1009,971,22,16,0,0
2021,06,075,023300,3930,3918,0.13782542113323124,10,642,642000,163.85911179173047,3378,0,167,115,28,0,540,426,86,4,24,0
2021,06,075,023400,4148,4072,0.28831041257367385,10,613,613000,150.5402750491159,2898,0,250,13,19,0,1174,1086,75,13,0,0
2021,06,075,025100,3384,3370,0.05163204747774481,7,671,671000,199.10979228486647,3196,0,174,73,38,0,174,158,7,6,3,0
2021,06,075,025200,5505,5459,0.005129144531965561,2,1562,1562000,286.1329913903645,5431,0,409,59,132,0,28,20,0,8,0,0
2021,06,075,025300,4441,4347,0.007361398665746492,2,785,785000,180.58431101909363,4315,0,269,132,59,0,32,26,6,0,0,0
2021,06,075,025401,3781,3681,0.021733224667209998,5,701,701000,190.4373811464276,3601,0,196,181,19,0,80,78,0,2,0,0
2021,06,075,025402,3522,3492,0.053837342497136315,7,753,753000,215.63573883161513,3304,0,123,40,6,0,188,171,0,0,17,0
2021,06,075,025403,4692,4676,0.06394354148845167,8,747,747000,159.7519247219846,4377,0,118,66,76,0,299,225,74,0,0,0
2021,06,075,025501,4443,4396,0.040036396724294813,6,877,877000,199.49954504094632,4220,0,266,120,10,0,176,144,2,3,27,0
2021,06,075,025502,4428,4328,0.024953789279112754,5,1019,1019000,235.44362292051756,4220,0,357,82,102,0,108,108,0,0,0,0
2021,06,075,025600,5158,4969,0.013282350573556048,4,1006,1006000,202.45522237874823,4903,0,433,49,0,0,66,66,0,0,0,0
2021,06,075,025701,5424,5371,0.011171104077452988,3,1048,1048000,195.1219512195122,5311,0,83,0,7,0,60,60,0,0,0,0
2021,06,075,025702,3979,3956,7.583417593528817e-4,1,747,747000,188.82709807886755,3953,0,46,1,12,0,3,3,0,0,0,0
2021,06,075,025800,2153,2139,0.08602150537634409,9,317,317000,148.20009350163627,1955,0,6,49,6,0,184,177,5,2,0,0
2021,06,075,025900,4409,4344,0.05202578268876611,7,1041,1041000,239.64088397790056,4118,0,165,56,0,0,226,226,0,0,0,0
2021,06,075,026001,6463,6410,0.03338533541341654,6,1070,1070000,166.9266770670827,6196,0,215,102,66,0,214,161,53,0,0,0
2021,06,075,026002,3660,3652,0.03614457831325301,6,767,767000,210.02190580503833,3520,0,216,15,65,0,132,75,8,0,49,0
2021,06,075,026003,5085,5085,0.004523107177974435,2,1008,1008000,198.23008849557522,5062,0,43,63,28,0,23,21,0,2,0,0
2021,06,075,026004,4107,4091,0.0354436568076265,6,794,794000,194.08457589831337,3946,0,195,0,11,0,145,108,36,1,0,0
2021,06,075,026100,7566,7551,0.030194676201827572,5,1369,1369000,181.30049000132433,7323,0,159,214,62,0,228,228,0,0,0,0
2021,06,075,026201,3825,3804,0.028654048370136697,5,611,611000,160.62039957939012,3695,0,59,23,0,0,109,106,1,2,0,0
2021,06,075,026202,3839,3801,0.0034201525914233097,2,639,639000,168.1136543014996,3788,0,45,34,12,0,13,13,0,0,0,0
2021,06,075,026301,5724,5724,0.011705101327742837,3,893,893000,156.00978336827393,5657,0,303,113,11,0,67,67,0,0,0,0
2021,06,075,026302,5142,5124,0.043911007025761124,7,1090,1090000,212.72443403590944,4899,0,134,38,0,0,225,166,27,11,21,0
2021,06,075,026303,4818,4784,0.008779264214046822,3,1033,1033000,215.92809364548495,4742,0,252,57,25,0,42,29,0,13,0,0
2021,06,075,026401,3444,3376,0.05687203791469194,8,744,744000,220.3791469194313,3184,0,101,5,0,0,192,184,6,1,1,0
2021,06,075,026402,5056,5056,0.0668512658227848,8,953,953000,188.4889240506329,4718,0,105,40,0,0,338,280,58,0,0,0
2021,06,075,026403,3801,3792,0.025052742616033755,5,727,727000,191.7194092827004,3697,0,90,124,21,0,95,84,11,0,0,0
2021,06,075,026404,2760,2754,0.10856935366739288,9,399,399000,144.880174291939,2455,0,0,6,0,0,299,293,0,6,0,0
2021,06,075,030101,5062,4976,0.012459807073954984,3,425,425000,85.40996784565917,4914,0,557,471,51,0,62,21,0,7,11,23
2021,06,075,030102,4731,4694,0.023008095440988495,5,941,941000,200.46868342564977,4586,0,493,397,217,0,108,36,6,18,48,0
2021,06,075,030201,4262,4188,0.01002865329512894,3,613,613000,146.37058261700096,4146,0,441,95,37,0,42,14,0,28,0,0
2021,06,075,030202,4013,3965,0.03127364438839849,6,451,451000,113.7452711223203,3841,0,418,143,75,0,124,108,0,0,16,0
2021,06,075,030301,6074,6028,0.015428002654280026,4,1540,1540000,255.47445255474452,5935,0,680,202,53,0,93,83,10,0,0,0
2021,06,075,030302,3928,3901,0.048449115611381696,7,989,989000,253.5247372468598,3712,0,180,62,221,0,189,178,0,0,11,0
2021,06,075,030400,5088,5076,0.015169424743892828,4,1843,1843000,363.08116627265565,4999,0,322,30,38,0,77,77,0,0,0,0
2021,06,075,030500,3676,3676,0.10228509249183895,9,710,710000,193.14472252448314,3300,0,204,317,38,0,376,358,14,0,0,4
2021,06,075,030600,2514,2492,0.014847512038523275,4,781,781000,313.40288924558587,2455,0,105,17,62,0,37,37,0,0,0,0
2021,06,075,030700,6959,6873,0.0356467335952277,6,2300,2300000,334.64280517968865,6628,0,189,28,62,0,245,236,9,0,0,0
2021,06,075,030800,6041,6015,0.012635078969243558,3,1471,1471000,244.55527847049044,5939,0,105,31,115,0,76,49,0,27,0,0
2021,06,075,030900,6767,6761,0.009909776660257358,3,2223,2223000,328.79751516047924,6694,0,242,109,2,0,67,57,1,9,0,0
2021,06,075,031000,4089,4038,0.03194650817236255,6,1118,1118000,276.8697374938088,3909,0,159,262,84,0,129,129,0,0,0,0
2021,06,075,031100,6295,6245,0.022738190552441955,5,1458,1458000,233.466773418735,6103,0,300,319,17,0,142,142,0,0,0,0
2021,06,075,031201,6522,6504,0.032595325953259535,6,1049,1049000,161.28536285362853,6292,0,161,78,16,0,212,186,26,0,0,0
2021,06,075,031202,3239,3235,0.06553323029366306,8,560,560000,173.10664605873262,3023,0,129,69,21,0,212,212,0,0,0,0
2021,06,075,031301,3866,3854,0.10897768552153607,9,1295,1295000,336.0145303580695,3434,0,380,40,50,0,420,397,23,0,0,0
2021,06,075,031302,5503,5456,0.12243401759530792,9,1224,1224000,224.34017595307918,4788,0,85,309,0,0,668,602,66,0,0,0
2021,06,075,031401,2378,2354,0.059473237043330504,8,397,397000,168.64910790144435,2214,0,35,21,0,0,140,140,0,0,0,0
2021,06,075,031402,4788,4788,0.14452798663324978,10,1036,1036000,216.37426900584796,4096,0,149,71,0,0,692,673,19,0,0,0
2021,06,075,032601,4874,4846,0.03404869995872885,6,683,683000,140.94098225340488,4681,0,270,303,21,0,165,149,16,0,0,0
2021,06,075,032602,4505,4490,0.033184855233853006,6,865,865000,192.65033407572383,4341,0,174,201,0,0,149,149,0,0,0,0
2021,06,075,032700,6932,6776,0.004279811097992916,2,1781,1781000,262.83943329397874,6747,0,197,38,62,0,29,29,0,0,0,0
2021,06,075,032801,4042,4003,0.02448163877092181,5,820,820000,204.84636522608045,3905,0,187,47,0,0,98,22,76,0,0,0
2021,06,075,032802,4624,4553,0.0017570832418185812,1,1026,1026000,225.34592576323303,4545,0,362,29,15,0,8,8,0,0,0,0
2021,06,075,032901,5360,5305,0.0022620169651272385,1,1257,1257000,236.94627709707822,5293,0,237,77,21,0,12,12,0,0,0,0
2021,06,075,032902,4103,4075,0.0034355828220858898,2,1101,1101000,270.18404907975463,4061,0,217,73,0,0,14,14,0,0,0,0
2021,06,075,033001,4200,4182,0.019368723098995694,4,1007,1007000,240.79387852702055,4101,0,263,103,20,0,81,81,0,0,0,0
2021,06,075,033002,4227,4210,2.3752969121140142e-4,1,992,992000,235.6294536817102,4209,0,312,218,16,0,1,0,1,0,0,0
2021,06,075,033100,3948,3916,0.01251276813074566,3,1152,1152000,294.17773237997955,3867,0,197,19,10,0,49,25,0,24,0,0
2021,06,075,033201,4262,4262,0.11191928671984984,9,0,0,0,3785,0,201,2222,113,0,477,181,46,245,5,0
2021,06,075,033203,3320,3300,0.08424242424242424,9,129,129000,39.09090909090909,3022,0,366,100,49,0,278,152,39,87,0,0
2021,06,075,033204,4402,4379,0.10321991322219685,9,0,0,0,3927,0,445,278,63,0,452,280,139,33,0,0
2021,06,075,035101,4035,4001,0.03824043989002749,6,620,620000,154.96125968507874,3848,0,338,57,12,0,153,153,0,0,0,0
2021,06,075,035102,4760,4736,0.01076858108108108,3,1039,1039000,219.38344594594594,4685,0,145,77,22,0,51,50,0,0,1,0
2021,06,075,035201,5497,5473,0.008770327060113284,3,1389,1389000,253.79133930202815,5425,0,327,218,76,0,48,48,0,0,0,0
2021,06,075,035202,4796,4766,0.02580780528745279,5,676,676000,141.83801930339908,4643,0,343,82,71,0,123,116,7,0,0,0
2021,06,075,035300,7537,7424,0.005387931034482759,2,1880,1880000,253.23275862068965,7384,0,349,108,4,0,40,36,0,4,0,0
2021,06,075,035400,7769,7657,0.00587697531670367,2,1982,1982000,258.84811283792607,7612,0,121,611,19,0,45,43,2,0,0,0
2021,06,075,040100,4342,4329,0.004389004389004389,2,539,539000,124.5091245091245,4310,0,439,219,8,0,19,19,0,0,0,0
2021,06,075,040200,5460,5444,0.012858192505510653,4,1024,1024000,188.09698750918443,5374,0,439,159,39,0,70,32,38,0,0,0
2021,06,075,042601,4261,4226,0.03809749171793658,6,488,488000,115.47562707051586,4065,0,404,201,42,0,161,161,0,0,0,0
2021,06,075,042602,2615,2530,0.002766798418972332,2,570,570000,225.29644268774703,2523,0,160,152,34,0,7,7,0,0,0,0
2021,06,075,042700,5361,5273,0.053479992414185475,7,808,808000,153.23345344206334,4991,0,568,71,73,0,282,177,63,9,0,33
2021,06,075,042800,2501,2481,0.012494961708988311,3,670,670000,270.0523982265216,2450,0,89,33,42,0,31,31,0,0,0,0
2021,06,075,045100,5209,5161,0.006587870567719434,2,495,495000,95.91164503003294,5127,0,231,208,94,0,34,34,0,0,0,0
2021,06,075,045201,3360,3360,0.06160714285714286,8,702,702000,208.92857142857142,3153,0,284,130,0,0,207,179,27,1,0,0
2021,06,075,045202,3396,3281,0.01828710758914965,4,227,227000,69.18622371228284,3221,0,273,183,67,0,60,60,0,0,0,0
2021,06,075,047600,5145,4961,0.009675468655513001,3,967,967000,194.92037895585568,4913,0,753,52,1,0,48,9,39,0,0,0
2021,06,075,047701,4978,4867,0,1,834,834000,171.35812615574275,4867,0,328,150,74,0,0,0,0,0,0,0
2021,06,075,047702,3541,3527,0.012758718457612702,3,719,719000,203.85596824496739,3482,0,55,79,59,0,45,13,0,32,0,0
2021,06,075,047801,4550,4514,0.011076650420912717,3,920,920000,203.81036774479398,4464,0,294,75,12,0,50,17,17,16,0,0
2021,06,075,047802,3781,3722,0.0045674368619022035,2,560,560000,150.4567436861902,3705,0,171,230,5,0,17,17,0,0,0,0
2021,06,075,047902,3610,3585,0,1,732,732000,204.18410041841005,3585,0,129,107,23,0,0,0,0,0,0,0
2021,06,075,047903,4283,4283,0.008405323371468596,2,810,810000,189.11977585804343,4247,0,585,65,252,0,36,36,0,0,0,0
2021,06,075,047904,3111,3111,0.016072002571520413,4,596,596000,191.57827065252332,3061,0,598,104,0,0,50,50,0,0,0,0
2021,06,075,060100,4231,4050,0.018518518518518517,4,11,11000,2.7160493827160495,3975,0,1036,156,83,0,75,75,0,0,0,0
2021,06,075,060400,1595,1595,0.057053291536050155,8,165,165000,103.44827586206897,1504,0,82,72,39,0,91,84,7,0,0,0
2021,06,075,060502,3539,3468,0.20732410611303345,10,238,238000,68.62745098039215,2749,0,225,27,22,0,719,681,38,0,0,0
2021,06,075,060701,7621,7531,0.06347098658876643,8,693,693000,92.01965210463418,7053,0,648,848,545,0,478,478,0,0,0,0
2021,06,075,060702,1488,1488,0.028225806451612902,5,198,198000,133.06451612903226,1446,0,68,160,0,0,42,42,0,0,0,0
2021,06,075,060703,5787,5651,0.004777915413201203,2,1199,1199000,212.17483631215714,5624,0,380,441,146,0,27,11,7,0,9,0
2021,06,075,061000,4825,4758,0.15657839428331233,10,1072,1072000,225.30474989491384,4013,0,125,129,64,0,745,745,0,0,0,0
2021,06,075,061101,1856,1848,0.008116883116883116,2,80,80000,43.29004329004329,1833,0,102,6,0,0,15,15,0,0,0,0
2021,06,075,061102,2341,2313,0.03674881106787722,6,83,83000,35.88413316039775,2228,0,79,11,0,0,85,85,0,0,0,0
2021,06,075,061200,3952,3906,0.22657450076804916,10,513,513000,131.3364055299539,3021,0,26,23,53,0,885,863,1,0,21,0
2021,06,075,061401,3199,3153,0.07960672375515382,8,698,698000,221.37646685696163,2902,0,166,19,64,0,251,251,0,0,0,0
2021,06,075,061402,2537,2452,0.050163132137031,7,565,565000,230.4241435562806,2329,0,132,137,30,0,123,28,0,95,0,0
2021,06,075,061501,1837,1738,0,1,761,761000,437.8596087456847,1738,0,368,207,0,0,0,0,0,0,0,0
2021,06,075,061502,1774,1774,0.012965050732807215,4,141,141000,79.48139797068771,1751,0,420,70,11,0,23,12,0,11,0,0
2021,06,075,061503,3400,3400,0.06852941176470588,8,396,396000,116.47058823529412,3167,0,369,467,167,0,233,233,0,0,0,0
2021,06,075,061504,1443,1443,0.009702009702009701,3,175,175000,121.27512127512128,1429,0,238,137,236,0,14,11,3,0,0,0
2021,06,075,061505,776,776,0.06572164948453608,8,382,382000,492.2680412371134,725,0,0,0,0,0,51,51,0,0,0,0
2021,06,075,061506,4422,4422,0.014020805065581185,4,1120,1120000,253.2790592492085,4360,0,887,362,519,0,62,62,0,0,0,0
2021,06,075,061507,1940,1940,0,1,54,54000,27.835051546391753,1940,0,290,146,0,0,0,0,0,0,0,0
2021,06,075,061508,2006,2006,0.02991026919242273,5,526,526000,262.21335992023927,1946,0,243,0,80,0,60,40,20,0,0,0
2021,06,075,980200,171,171,0.29239766081871343,10,0,0,0,121,0,17,6,0,0,50,46,4,0,0,0
2021,06,075,980300,25,25,0,1,0,0,0,25,0,0,9,0,0,0,0,0,0,0,0
2021,06,075,980401,0,0,NA,NA,0,0,NA,0,0,0,0,0,0,0,0,0,0,0,0
2021,06,075,980501,104,104,0,1,0,0,0,104,0,0,0,0,0,0,0,0,0,0,0
2021,06,075,980600,970,970,0.2948453608247423,10,249,249000,256.70103092783506,684,0,107,81,58,0,286,273,13,0,0,0
2021,06,075,980900,296,292,0.0547945205479452,8,26,26000,89.04109589041096,276,0,34,19,0,0,16,16,0,0,0,0
2021,06,075,990100,0,0,NA,NA,0,0,NA,0,0,0,0,0,0,0,0,0,0,0,0
2021,06,075,990200,0,0,NA,NA,0,0,NA,0,0,0,0,0,0,0,0,0,0,0,0
2012,06,075,032802,3787,3724,0.02631578947368421,5,921,1059150,284.4119226638024,3626,0,186,18,31,0,98,98,0,0,0,0
2012,06,075,032901,5606,5606,0.006243310738494471,2,1284,1476600,263.396361041741,5571,0,254,125,90,0,35,35,0,0,0,0
2012,06,075,032902,3691,3691,0.00406393931183961,2,970,1115500,302.221620157139,3676,0,49,226,0,0,15,15,0,0,0,0
2012,06,075,033203,3845,3792,0.026371308016877638,5,0,0,0,3692,0,726,563,86,0,100,65,35,0,0,0
2012,06,075,033204,3830,3830,0.10026109660574413,9,0,0,0,3446,0,588,780,9,0,384,279,67,38,0,0
2012,06,075,042601,4047,4038,0.0047052996532937095,2,488,561200,138.97969291728577,4019,0,215,89,30,0,19,19,0,0,0,0
2012,06,075,042602,3631,3564,0.03591470258136925,6,269,309350,86.79854096520764,3436,0,720,211,19,0,128,36,92,0,0,0
2012,06,075,047801,4250,4221,0.012319355602937692,3,828,952199.9999999999,225.58635394456286,4169,0,488,68,0,0,52,50,0,2,0,0
2012,06,075,047802,4140,4127,0,1,549,631350,152.98037315241095,4127,0,165,125,122,0,0,0,0,0,0,0
2012,06,075,061100,4543,4534,0.0024261138067931186,1,87,100049.99999999999,22.0666078517865,4523,0,436,111,39,0,11,11,0,0,0,0
2012,06,075,061200,3713,3713,0.24427686506867763,10,379,435849.99999999994,117.38486399138162,2806,0,321,47,0,0,907,865,42,0,0,0
2012,06,075,061400,5301,5212,0.0671527244819647,8,932,1071800,205.64082885648503,4862,0,513,237,217,0,350,235,99,16,0,0
2012,06,075,980200,308,308,0.06493506493506493,7,38,43700,141.88311688311688,288,0,35,21,22,0,20,15,3,2,0,0
2012,06,075,980300,27,27,0,1,0,0,0,27,0,0,0,0,0,0,0,0,0,0,0
2012,06,075,980401,0,0,NA,NA,0,0,NA,0,0,0,0,0,0,0,0,0,0,0,0
2012,06,075,980501,646,646,0.20278637770897834,10,55,63249.99999999999,97.91021671826624,515,0,0,59,0,0,131,131,0,0,0,0
2012,06,075,980600,288,288,0.5868055555555556,10,90,103499.99999999999,359.37499999999994,119,0,0,0,0,0,169,169,0,0,0,0
2012,06,075,980900,337,337,0.10682492581602374,9,46,52899.99999999999,156.97329376854597,301,0,33,0,81,0,36,36,0,0,0,0
2012,06,075,990100,0,0,NA,NA,0,0,NA,0,0,0,0,0,0,0,0,0,0,0,0
2012,06,075,011901,2254,2234,0.06401074306177261,7,261,300150,134.35541629364369,2091,0,79,270,182,0,143,68,0,0,75,0
2012,06,075,011902,2844,2844,0.007383966244725738,2,95,109249.99999999999,38.414205344585085,2823,0,208,69,108,0,21,21,0,0,0,0
2012,06,075,012201,4469,4469,0.07048556724099352,8,222,255299.99999999997,57.126874021033785,4154,0,641,96,53,0,315,275,21,19,0,0
2012,06,075,012202,2598,2582,0.1646010844306739,9,11,12649.999999999998,4.8993028659953515,2157,0,521,116,81,0,425,349,34,12,30,0
2012,06,075,012301,1974,1954,0.14790174002047082,9,8,9200,4.7082906857727735,1665,0,135,19,1,0,289,165,55,18,51,0
2012,06,075,010300,4393,4377,0,1,474,545100,124.53735435229609,4377,0,431,347,125,0,0,0,0,0,0,0
2012,06,075,011000,5256,5174,0.01623502126014689,4,300,345000,66.67955160417472,5090,0,282,236,288,0,84,77,0,0,7,0
2012,06,075,015400,5875,5677,0.0415712524220539,6,804,924599.9999999999,162.86771181962303,5441,0,438,37,79,0,236,153,62,21,0,0
2012,06,075,010400,4749,4731,2.113718030014796e-4,1,766,880899.9999999999,186.19742126400337,4730,0,191,272,239,0,1,0,1,0,0,0
2012,06,075,025500,8731,8538,0.008784258608573436,3,1592,1830799.9999999998,214.42960880768328,8463,0,402,181,0,0,75,75,0,0,0,0
2012,06,075,025600,5719,5635,0.013487133984028394,3,1239,1424850,252.85714285714286,5559,0,457,205,19,0,76,76,0,0,0,0
2012,06,075,025800,2044,2011,0.06613625062158131,7,369,424349.99999999994,211.01442068622572,1878,0,93,140,0,0,133,121,12,0,0,0
2012,06,075,026001,5734,5701,0.024732503069636907,5,713,819949.9999999999,143.8256446237502,5560,0,482,158,22,0,141,141,0,0,0,0
2012,06,075,045100,4820,4740,0.023839662447257385,5,644,740600,156.24472573839662,4627,0,362,213,139,0,113,89,3,21,0,0
2012,06,075,045200,6819,6785,0.0026529108327192335,1,1004,1154600,170.16949152542372,6767,0,875,350,92,0,18,17,1,0,0,0
2012,06,075,026100,6567,6488,0.012946979038224414,3,1233,1417950,218.5496300863132,6404,0,192,5,17,0,84,67,17,0,0,0
2012,06,075,023300,3132,3096,0.1398578811369509,9,493,566950,183.1233850129199,2663,0,209,30,10,0,433,415,11,0,0,7
2012,06,075,025300,4812,4760,0.061764705882352944,7,858,986699.9999999999,207.28991596638653,4466,0,206,174,74,0,294,264,25,5,0,0
2012,06,075,025401,3510,3490,0.07994269340974212,8,570,655500,187.82234957020057,3211,0,161,117,32,0,279,279,0,0,0,0
2012,06,075,026301,4488,4488,0.012254901960784314,3,705,810749.9999999999,180.6483957219251,4433,0,182,46,1,0,55,22,8,0,0,25
2012,06,075,026302,4754,4731,0.06362291270344536,7,927,1066050,225.33291058972733,4430,0,226,118,12,0,301,293,8,0,0,0
2012,06,075,026303,5623,5588,0.03937007874015748,6,934,1074100,192.21546170365067,5368,0,77,76,16,0,220,212,0,8,0,0
2012,06,075,030500,3137,3123,0.09862311879602946,9,786,903899.9999999999,289.43323727185395,2815,0,440,34,9,0,308,227,44,37,0,0
2012,06,075,031100,6672,6626,0.07364926048898279,8,1504,1729599.9999999998,261.0322970117718,6138,0,489,118,0,0,488,460,28,0,0,0
2012,06,075,016600,5335,5238,0.0605192821687667,7,420,482999.99999999994,92.21076746849941,4921,0,579,300,353,0,317,167,61,0,89,0
2012,06,075,017902,2501,2501,0.2035185925629748,10,0,0,0,1992,0,287,184,67,0,509,413,0,66,0,30
2012,06,075,021400,3519,3494,0.0045792787635947334,2,726,834899.9999999999,238.95248998282767,3478,0,308,44,234,0,16,16,0,0,0,0
2012,06,075,021700,3713,3675,0.0563265306122449,7,1214,1396100,379.89115646258506,3468,0,158,42,14,0,207,188,19,0,0,0
2012,06,075,022802,2072,2072,0.04971042471042471,7,167,192049.99999999997,92.68822393822393,1969,0,210,88,13,0,103,91,2,2,0,8
2012,06,075,022901,4497,4455,0.06958473625140292,8,350,402499.99999999994,90.347923681257,4145,0,451,84,12,0,310,284,14,0,0,12
2012,06,075,022902,2507,2448,0.12295751633986927,9,384,441599.99999999994,180.39215686274508,2147,0,315,64,22,0,301,284,17,0,0,0
2012,06,075,022903,2985,2961,0.020263424518743668,5,411,472649.99999999994,159.62512664640323,2901,0,138,78,9,0,60,36,24,0,0,0
2012,06,075,023003,3947,3901,0.34709048961804667,10,772,887799.9999999999,227.58267110997178,2547,0,149,5,10,0,1354,1093,198,8,55,0
2012,06,075,026403,3899,3882,0.03297269448737764,6,592,680800,175.37351880473983,3754,0,8,5,0,0,128,103,17,0,8,0
2012,06,075,030201,4202,4162,0.010091302258529554,3,477,548550,131.79961556943778,4120,0,228,124,101,0,42,41,1,0,0,0
2012,06,075,030302,3732,3702,0.007833603457590491,3,906,1041899.9999999999,281.44246353322524,3673,0,293,98,0,0,29,10,19,0,0,0
2012,06,075,030400,5294,5210,0.0067178502879078695,2,1561,1795149.9999999998,344.5585412667946,5175,0,243,148,13,0,35,35,0,0,0,0
2012,06,075,061500,11083,10993,0.02374238151550987,5,2827,3251049.9999999995,295.73819703447646,10732,0,1469,1210,251,0,261,216,21,24,0,0
2012,06,075,012302,2306,2306,0.09150043365134432,8,0,0,0,2095,0,336,97,208,0,211,172,39,0,0,0
2012,06,075,012401,4081,4048,0.030632411067193676,6,24,27599.999999999996,6.8181818181818175,3924,0,520,142,25,0,124,106,0,0,18,0
2012,06,075,012402,3194,3194,0.08422041327489042,8,158,181700,56.887914840325614,2925,0,453,336,136,0,269,204,35,17,13,0
2012,06,075,012501,3358,3358,0.09708159618820726,8,34,39100,11.643835616438356,3032,0,278,121,20,0,326,297,13,16,0,0
2012,06,075,012502,3895,3895,0.16893453145057766,10,0,0,0,3237,0,409,105,51,0,658,518,85,55,0,0
2012,06,075,017802,3922,3922,0.08720040795512493,8,545,626750,159.80367159612442,3580,0,487,368,16,0,342,203,99,40,0,0
2012,06,075,020401,3206,3206,0.032439176543980035,6,710,816499.9999999999,254.67872738615094,3102,0,223,86,199,0,104,104,0,0,0,0
2012,06,075,020402,4047,4027,0.016637695555003724,4,650,747500,185.62205115470573,3960,0,143,100,235,0,67,64,3,0,0,0
2012,06,075,022704,3095,3056,0.011780104712041885,3,735,845249.9999999999,276.5870418848167,3020,0,125,178,56,0,36,36,0,0,0,0
2012,06,075,025701,4442,4424,0.019439421338155516,5,868,998199.9999999999,225.63291139240505,4338,0,136,0,18,0,86,86,0,0,0,0
2012,06,075,025702,3889,3874,0.02194114610221993,5,646,742900,191.76561693340216,3789,0,194,58,0,0,85,85,0,0,0,0
2012,06,075,031201,6953,6942,0.061653702103140307,7,1311,1507649.9999999998,217.17804667242865,6514,0,563,63,29,0,428,378,23,27,0,0
2012,06,075,031202,3282,3248,0.15979064039408866,9,617,709550,218.45751231527095,2729,0,168,67,0,0,519,507,12,0,0,0
2012,06,075,031301,4331,4278,0.13370733987844788,9,863,992449.9999999999,231.98924731182794,3706,0,230,434,22,0,572,562,0,10,0,0
2012,06,075,012601,2272,2261,0,1,290,333500,147.50110570544007,2261,0,254,166,7,0,0,0,0,0,0,0
2012,06,075,012602,2990,2937,0,1,539,619850,211.04868913857678,2937,0,292,62,188,0,0,0,0,0,0,0
2012,06,075,012901,2456,2456,0.0016286644951140066,1,316,363400,147.9641693811075,2452,0,199,288,49,0,4,4,0,0,0,0
2012,06,075,012902,3192,3154,0.0015852885225110971,1,605,695750,220.59289790741914,3149,0,272,322,180,0,5,5,0,0,0,0
2012,06,075,013101,3776,3694,0.01028695181375203,3,516,593400,160.63887384948566,3656,0,474,300,326,0,38,1,2,0,35,0
2012,06,075,013102,2899,2899,0.02966540186271128,6,278,319700,110.27940669196275,2813,0,248,211,171,0,86,30,0,0,56,0
2012,06,075,015801,3414,3414,0.3345049794961921,10,380,436999.99999999994,128.0023432923257,2272,0,312,62,73,0,1142,1063,29,50,0,0
2012,06,075,015802,2469,2459,0.08011386742578284,8,197,226549.99999999997,92.13094753965025,2262,0,259,45,77,0,197,150,47,0,0,0
2012,06,075,016801,3473,3386,0.142055522740697,9,267,307050,90.68222090962787,2905,0,410,272,49,0,481,481,0,0,0,0
2012,06,075,016802,3099,3099,0.18005808325266215,10,361,415149.99999999994,133.9625685705066,2541,0,194,85,125,0,558,548,7,3,0,0
2012,06,075,017101,3502,3417,0.0520924787825578,7,681,783149.9999999999,229.19227392449514,3239,0,447,128,108,0,178,147,31,0,0,0
2012,06,075,017102,3590,3526,0.05899035734543392,7,593,681950,193.40612592172434,3318,0,535,132,78,0,208,161,13,34,0,0
2012,06,075,017801,3034,3034,0.031311799604482535,6,410,471499.99999999994,155.4054054054054,2939,0,117,64,8,0,95,95,0,0,0,0
2012,06,075,023400,3754,3563,0.20909346056693798,10,407,468049.99999999994,131.36401908504067,2818,0,104,54,0,0,745,738,7,0,0,0
2012,06,075,016500,5166,5081,0.04861247785868923,7,515,592250,116.5617004526668,4834,0,477,170,98,0,247,182,61,4,0,0
2012,06,075,030700,6672,6630,0.01583710407239819,4,2163,2487450,375.18099547511315,6525,0,429,120,27,0,105,91,14,0,0,0
2012,06,075,035100,8074,8035,0.0059738643434972,2,1535,1765249.9999999998,219.6950840074673,7987,0,494,118,12,0,48,48,0,0,0,0
2012,06,075,013000,3844,3805,0.005519053876478318,2,711,817649.9999999999,214.88830486202363,3784,0,255,216,331,0,21,21,0,0,0,0
2012,06,075,026002,3747,3747,0.024552975713904458,5,671,771649.9999999999,205.9380838003736,3655,0,98,57,11,0,92,92,0,0,0,0
2012,06,075,026402,4331,4279,0.1327412946950222,9,880,1011999.9999999999,236.5038560411311,3711,0,36,112,6,0,568,526,0,33,9,0
2012,06,075,030301,5950,5791,0.008979450872042825,3,1172,1347800,232.74045933344846,5739,0,285,307,132,0,52,52,0,0,0,0
2012,06,075,030800,5260,5224,0.011485451761102604,3,1725,1983749.9999999998,379.7377488514548,5164,0,298,55,28,0,60,39,21,0,0,0
2012,06,075,025402,3108,3027,0.027089527585067722,5,835,960249.9999999999,317.22827882391806,2945,0,352,13,13,0,82,70,0,12,0,0
2012,06,075,026200,7306,7287,0.01715383559763963,4,1187,1365050,187.32674626046384,7162,0,430,55,0,0,125,92,33,0,0,0
2012,06,075,021600,3919,3856,0.14445020746887965,9,1313,1509949.9999999998,391.58454356846465,3299,0,162,230,28,0,557,468,0,40,49,0
2012,06,075,030900,6317,6282,0.029926774912448266,6,2047,2354050,374.72938554600444,6094,0,58,134,49,0,188,186,0,1,0,1
2012,06,075,047901,6775,6742,0.014239098190447939,4,1362,1566299.9999999998,232.3197864135271,6646,0,564,260,13,0,96,96,0,0,0,0
2012,06,075,031302,6005,5959,0.16882027185769424,9,1275,1466250,246.05638529954692,4953,0,437,183,15,0,1006,956,33,17,0,0
2012,06,075,032601,4543,4531,0.004414036636504083,2,597,686550,151.5228426395939,4511,0,437,326,20,0,20,11,9,0,0,0
2012,06,075,032602,4432,4432,0.004061371841155234,2,705,810749.9999999999,182.93095667870034,4414,0,156,107,61,0,18,17,0,0,1,0
2012,06,075,032801,4052,4037,0.0049541738915035915,2,636,731400,181.17413921228635,4017,0,210,66,0,0,20,20,0,0,0,0
2012,06,075,012000,3502,3502,0.06767561393489435,8,52,59799.99999999999,17.075956596230725,3265,0,430,168,142,0,237,153,72,0,12,0
2012,06,075,012700,3702,3651,0.003834565872363736,1,587,675050,184.89454943850998,3637,0,607,174,25,0,14,0,0,0,14,0
2012,06,075,013200,4558,4471,0.020577052113621114,5,1086,1248900,279.33348244240665,4379,0,381,214,84,0,92,86,0,0,0,6
2012,06,075,013300,4147,4109,0.013628620102214651,3,926,1064900,259.16281333657827,4053,0,211,190,132,0,56,40,0,0,0,16
2012,06,075,013500,2570,2570,0.014396887159533073,4,298,342700,133.34630350194553,2533,0,353,203,113,0,37,20,13,0,4,0
2012,06,075,015300,2224,2206,0.04669084315503173,7,315,362250,164.21124206708976,2103,0,228,94,31,0,103,89,3,11,0,0
2012,06,075,016700,5213,5162,0.08853157690817512,8,704,809599.9999999999,156.83843471522664,4705,0,647,260,52,0,457,420,9,28,0,0
2012,06,075,020200,5822,5728,0.06162709497206704,7,577,663550,115.84322625698324,5375,0,541,154,48,0,353,336,17,0,0,0
2012,06,075,020500,2405,2377,0.006310475389145982,2,528,607200,255.44804375262936,2362,0,140,9,10,0,15,14,0,1,0,0
2012,06,075,021000,4142,4131,2.420721374969741e-4,1,693,796949.9999999999,192.91938997821347,4130,0,289,43,228,0,1,1,0,0,0,0
2012,06,075,023001,5247,5192,0.22149460708782742,10,841,967149.9999999999,186.27696456086284,4042,0,158,64,15,0,1150,1002,137,11,0,0
2012,06,075,035202,4534,4473,0.006483344511513525,2,656,754399.9999999999,168.65638274088977,4444,0,177,237,108,0,29,29,0,0,0,0
2012,06,075,042700,5978,5893,0.020872221279484134,5,677,778549.9999999999,132.11437298489733,5770,0,287,174,198,0,123,119,4,0,0,0
2012,06,075,060100,2879,2818,0.01667849538679915,4,0,0,0,2771,0,485,106,164,0,47,47,0,0,0,0
2012,06,075,031400,6729,6699,0.13479623824451412,9,1116,1283400,191.5808329601433,5796,0,335,29,16,0,903,902,1,0,0,0
2012,06,075,040100,4234,4226,0.0698059630856602,8,326,374900,88.71273071462376,3931,0,508,286,52,0,295,222,0,73,0,0
2012,06,075,023200,4397,4397,0.4678189674778258,10,672,772799.9999999999,175.75619740732316,2340,0,403,18,91,0,2057,1839,214,4,0,0
2012,06,075,030102,4998,4898,0.020212331563903636,5,1096,1260400,257.3295222539812,4799,0,286,481,233,0,99,87,0,12,0,0
2012,06,075,032700,7022,6937,0,1,1590,1828499.9999999998,263.58656479746287,6937,0,401,274,0,0,0,0,0,0,0,0
2012,06,075,035201,5021,5003,0.0015990405756546072,1,1118,1285700,256.98580851489106,4995,0,625,58,22,0,8,8,0,0,0,0
2012,06,075,035400,6191,6165,0.01962692619626926,5,1338,1538699.9999999998,249.5863746958637,6044,0,321,52,28,0,121,121,0,0,0,0
2012,06,075,015900,4312,4312,0.16164192949907236,9,481,553150,128.28153988868274,3615,0,505,246,32,0,697,673,0,24,0,0
2012,06,075,016000,2420,2393,0.025491015461763477,5,443,509449.99999999994,212.89176765566233,2332,0,362,73,71,0,61,61,0,0,0,0
2012,06,075,010500,2504,2483,0.015304067660088603,4,369,424349.99999999994,170.90213451469992,2445,0,175,146,67,0,38,38,0,0,0,0
2012,06,075,011300,3267,3267,0.009794918885827977,3,183,210449.99999999997,64.41689623507804,3235,0,98,69,54,0,32,29,0,3,0,0
2012,06,075,015200,3820,3769,0.021756434067391882,5,544,625600,165.98567259219953,3687,0,548,178,97,0,82,82,0,0,0,0
2012,06,075,017700,1549,1544,0.019430051813471502,4,157,180550,116.93652849740933,1514,0,100,44,11,0,30,29,1,0,0,0
2012,06,075,022702,2167,2145,0.016317016317016316,4,393,451949.99999999994,210.69930069930066,2110,0,123,130,46,0,35,34,1,0,0,0
2012,06,075,022801,4468,4439,0.043928812795674704,6,739,849849.9999999999,191.45077720207252,4244,0,478,269,76,0,195,184,0,11,0,0
2012,06,075,023103,3766,3701,0.686841394217779,10,161,185150,50.02701972439881,1159,0,20,51,94,0,2542,1924,499,106,13,0
2012,06,075,025900,4248,4226,0.1353525792711784,9,892,1025799.9999999999,242.7354472314245,3654,0,165,130,32,0,572,572,0,0,0,0
2012,06,075,026003,4506,4476,0.006925826630920465,2,933,1072950,239.7117962466488,4445,0,85,66,2,0,31,31,0,0,0,0
2012,06,075,047701,4136,4120,0.018689320388349515,4,744,855599.9999999999,207.66990291262132,4043,0,290,57,67,0,77,77,0,0,0,0
2012,06,075,047702,4152,4103,0.013648549841579332,3,650,747500,182.18376797465268,4047,0,219,49,67,0,56,55,1,0,0,0
2012,06,075,060502,2863,2832,0.3202683615819209,10,154,177100,62.53531073446328,1925,0,5,15,0,0,907,856,51,0,0,0
2012,06,075,060700,8372,8264,0.015488867376573089,4,1355,1558249.9999999998,188.5588092933204,8136,0,971,877,312,0,128,97,5,0,26,0
2012,06,075,047902,3813,3780,0.007936507936507936,3,802,922299.9999999999,243.99470899470896,3750,0,281,109,59,0,30,14,0,16,0,0
2012,06,075,060400,2144,2126,0.04045155221072436,6,206,236899.99999999997,111.42991533396048,2040,0,362,131,46,0,86,86,0,0,0,0
2012,06,075,010900,4772,4697,0.013199914839259102,3,655,753250,160.36832020438578,4635,0,365,321,202,0,62,35,20,0,7,0
2012,06,075,011800,1635,1635,0.0030581039755351682,1,11,12649.999999999998,7.737003058103975,1630,0,177,36,12,0,5,5,0,0,0,0
2012,06,075,012100,3530,3504,0.032534246575342464,6,96,110399.99999999999,31.50684931506849,3390,0,422,271,209,0,114,58,0,36,20,0
2012,06,075,012800,4446,4414,0.0040779338468509285,2,908,1044199.9999999999,236.56547349342998,4396,0,238,255,79,0,18,18,0,0,0,0
2012,06,075,015500,3920,3829,0.07808827370070515,8,202,232299.99999999997,60.66858187516322,3530,0,546,197,128,0,299,285,0,7,7,0
2012,06,075,016100,4585,4585,0.34940021810250815,10,175,201249.99999999997,43.89312977099236,2983,0,267,61,78,0,1602,1557,45,0,0,0
2012,06,075,016300,4476,4476,0.26362823949955316,10,377,433549.99999999994,96.861036639857,3296,0,275,175,384,0,1180,1135,31,0,14,0
2012,06,075,017601,6706,6638,0.1667670985236517,9,406,466899.99999999994,70.33745103946971,5531,0,580,286,246,0,1107,937,95,51,24,0
2012,06,075,020100,5680,5663,0.062334451704043795,7,634,729100,128.74801342044853,5310,0,345,224,84,0,353,303,50,0,0,0
2012,06,075,020600,4605,4605,0.02975027144408252,6,1026,1179900,256.2214983713355,4468,0,318,40,89,0,137,96,24,1,16,0
2012,06,075,020900,4944,4863,0.0045239564055110015,2,254,292100,60.06580300226198,4841,0,571,79,26,0,22,0,0,22,0,0
2012,06,075,021800,4189,4139,0.013288233872916163,3,1082,1244300,300.6281710558106,4084,0,304,251,166,0,55,40,8,0,7,0
2012,06,075,022600,1599,1561,0.09288917360666239,8,495,569250,364.67008327994876,1416,0,207,120,0,0,145,145,0,0,0,0
2012,06,075,023102,3674,3641,0.6322438890414721,10,391,449649.99999999994,123.49629222741004,1339,0,91,58,0,0,2302,2203,99,0,0,0
2012,06,075,025100,3198,3063,0.05582761998041136,7,877,1008549.9999999999,329.26869082598756,2892,0,180,30,27,0,171,171,0,0,0,0
2012,06,075,017000,3941,3830,0.05274151436031332,7,1235,1420250,370.822454308094,3628,0,376,25,81,0,202,189,6,7,0,0
2012,06,075,018000,3615,3581,0.18989109187377828,10,584,671600,187.54537838592572,2901,0,623,285,82,0,680,223,331,79,37,10
2012,06,075,015600,3004,2951,0.011860386309725517,3,449,516349.99999999994,174.97458488647914,2916,0,343,166,55,0,35,0,35,0,0,0
2012,06,075,010200,4040,4008,0.01122754491017964,3,831,955649.9999999999,238.43562874251495,3963,0,441,110,200,0,45,45,0,0,0,0
2012,06,075,010800,4811,4811,0.015381417584701726,4,515,592250,123.10330492621077,4737,0,325,175,151,0,74,74,0,0,0,0
2012,06,075,033100,4180,4172,0,1,1200,1380000,330.7766059443912,4172,0,356,81,0,0,0,0,0,0,0,0
2012,06,075,040200,5564,5474,0.01936426744610888,4,689,792349.9999999999,144.74789915966383,5368,0,582,165,55,0,106,87,19,0,0,0
2012,06,075,021500,5626,5511,0.024859372164761386,5,1170,1345500,244.1480675013609,5374,0,343,40,90,0,137,137,0,0,0,0
2012,06,075,022803,4876,4852,0.026999175597691674,5,294,338100,69.68260511129431,4721,0,187,132,28,0,131,131,0,0,0,0
2012,06,075,042800,2204,2184,0.005494505494505495,2,725,833749.9999999999,381.75366300366295,2172,0,310,11,0,0,12,12,0,0,0,0
2012,06,075,026404,2646,2646,0.17951625094482238,10,322,370300,139.94708994708995,2171,0,174,52,0,0,475,315,160,0,0,0
2012,06,075,030600,2112,2074,0.01639344262295082,4,699,803849.9999999999,387.58437801350044,2040,0,36,19,3,0,34,34,0,0,0,0
2012,06,075,031000,3413,3401,0.061452513966480445,7,1036,1191400,350.3087327256689,3192,0,18,0,0,0,209,207,2,0,0,0
2012,06,075,026004,4454,4333,0.01892453265635818,4,686,788899.9999999999,182.06785137318252,4251,0,94,233,0,0,82,68,14,0,0,0
2012,06,075,030101,4787,4742,0.01687051876845213,4,504,579600,122.22690847743569,4662,0,336,500,188,0,80,77,0,0,3,0
2012,06,075,033000,8307,8235,0.006193078324225865,2,1618,1860699.9999999998,225.95021250758953,8184,0,945,240,103,0,51,48,1,2,0,0
2012,06,075,025403,5385,5259,0.03498764023578627,6,724,832599.9999999999,158.31907206693285,5075,0,253,59,54,0,184,184,0,0,0,0
2012,06,075,026401,4107,4047,0.14825796886582654,9,684,786599.9999999999,194.36619718309856,3447,0,152,19,3,0,600,477,112,11,0,0
2012,06,075,030202,4351,4315,0.011355735805330244,3,335,385249.99999999994,89.28157589803011,4266,0,412,157,29,0,49,44,5,0,0,0
2012,06,075,035300,7890,7805,0,1,1733,1992949.9999999998,255.34272901985904,7805,0,232,31,0,0,0,0,0,0,0,0
2012,06,075,047600,5508,5460,0.0029304029304029304,1,667,767049.9999999999,140.48534798534797,5444,0,603,158,94,0,16,16,0,0,0,0
2012,06,075,010600,3942,3942,0.02054794520547945,5,147,169050,42.884322678843226,3861,0,150,98,172,0,81,6,0,23,52,0
2012,06,075,061000,3888,3799,0.19557778362727032,10,866,995899.9999999999,262.1479336667544,3056,0,205,103,180,0,743,720,23,0,0,0
2012,06,075,020300,3106,3106,0.018995492594977462,4,506,581900,187.34707018673535,3047,0,377,94,67,0,59,38,0,10,11,0
2012,06,075,020700,5709,5610,0.016577540106951873,4,931,1070650,190.84670231729055,5517,0,674,54,149,0,93,93,0,0,0,0
2012,06,075,020800,6470,6470,0.03353941267387944,6,390,448499.99999999994,69.31993817619782,6253,0,686,166,4,0,217,193,12,0,12,0
2012,06,075,021100,3992,3992,0.019288577154308616,4,992,1140800,285.77154308617236,3915,0,217,216,81,0,77,62,15,0,0,0
2012,06,075,021200,2837,2828,0.004243281471004243,2,855,983249.9999999999,347.68387553041015,2816,0,194,123,209,0,12,11,0,1,0,0
2012,06,075,021300,2510,2510,0,1,645,741750,295.51792828685257,2510,0,178,16,40,0,0,0,0,0,0,0
2012,06,075,010700,5555,5540,0.02924187725631769,6,193,221949.99999999997,40.06317689530685,5378,0,251,123,77,0,162,98,64,0,0,0
2012,06,075,016200,2276,2269,0.024239753195240195,5,214,246099.99999999997,108.46187747906565,2214,0,153,20,123,0,55,49,0,0,0,6
2012,06,075,016900,3123,3104,0.03318298969072165,6,418,480699.99999999994,154.86469072164945,3001,0,274,78,175,0,103,81,22,0,0,0
2012,06,075,033201,3725,3669,0.11447260834014718,9,0,0,0,3249,0,164,1750,210,0,420,91,133,196,0,0
2012,06,075,011100,5008,4988,0.08079390537289495,8,305,350750,70.3187650360866,4585,0,490,318,88,0,403,366,37,0,0,0
2012,06,075,011700,1396,1396,0.083810888252149,8,69,79350,56.84097421203438,1279,0,127,54,27,0,117,117,0,0,0,0
2012,06,075,025200,5766,5697,0.05476566614007372,7,1199,1378850,242.03089345269441,5385,0,493,44,80,0,312,296,0,16,0,0
2012,06,075,010100,3598,3598,0.029738743746525846,6,325,373750,103.87715397443024,3491,0,428,78,177,0,107,79,28,0,0,0
2012,06,075,011200,3170,3148,0,1,470,540500,171.69631512071157,3148,0,188,93,137,0,0,0,0,0,0,0
2012,06,075,013400,3770,3651,0.043275814845247874,6,538,618700,169.46042180224595,3493,0,151,99,42,0,158,137,16,5,0,0
2012,06,075,015100,2000,2000,0.0045,2,499,573850,286.925,1991,0,209,55,16,0,9,9,0,0,0,0
2012,06,075,015700,7489,7489,0.07664574709574042,8,688,791199.9999999999,105.64828415008678,6915,0,780,1451,390,0,574,463,28,58,0,25
2012,06,075,016400,3951,3896,0.09856262833675565,8,334,384099.99999999994,98.588295687885,3512,0,472,273,95,0,384,322,8,40,14,0
